Feature,Importance
E,0.08329385899698112
I,0.07245689238984547
F,0.07023985476685349
H,0.06388837163923865
Length,0.05932267469335639
G,0.05503754868279427
K,0.053560604889900686
L,0.05027420632647236
D,0.04925187649318595
R,0.04709867745308363
V,0.04669006727247721
W,0.04412091923635814
Y,0.04228153324228689
M,0.042047915276409366
A,0.03329436689894994
C,0.03308197024413554
N,0.031821327765698175
T,0.03113217197622665
Q,0.03073830032465933
P,0.03067220126521694
S,0.029694660165869694
